,Reviews,Sentiment,Clean_reviews
0,So there is no way for me to plug it in here in the US unless I go by a converter.,0,way plug u unless go converter
1,"Good case, Excellent value.",1,good case excellent value
2,Great for the jawbone.,1,great jawbone
3,Tied to charger for conversations lasting more than 45 minutes.MAJOR PROBLEMS!!,0,tied charger conversation lasting minute major problem
4,The mic is great.,1,mic great
5,I have to jiggle the plug to get it to line up right to get decent volume.,0,jiggle plug get line right get decent volume
6,"If you have several dozen or several hundred contacts, then imagine the fun of sending each of them one by one.",0,several dozen several hundred contact imagine fun sending one one
7,If you are Razr owner...you must have this!,1,razr owner must
8,"Needless to say, I wasted my money.",0,needle say wasted money
9,What a waste of money and time!.,0,waste money time
10,And the sound quality is great.,1,sound quality great
11,He was very impressed when going from the original battery to the extended battery.,1,wa impressed going original battery extended battery
12,If the two were seperated by a mere 5+ ft I started to notice excessive static and garbled sound from the headset.,0,two seperated mere ft started notice excessive static garbled sound headset
13,Very good quality though,1,good quality though
14,"The design is very odd, as the ear ""clip"" is not very comfortable at all.",0,design odd ear clip comfortable
15,Highly recommend for any one who has a blue tooth phone.,1,highly recommend one ha blue tooth phone
16,I advise EVERYONE DO NOT BE FOOLED!,0,advise everyone fooled
17,So Far So Good!.,1,far good
18,Works great!.,1,work great
19,It clicks into place in a way that makes you wonder how long that mechanism would last.,0,click place way make wonder long mechanism would last
20,"I went on Motorola's website and followed all directions, but could not get it to pair again.",0,went motorola website followed direction could get pair
21,I bought this to use with my Kindle Fire and absolutely loved it!,1,bought use kindle fire absolutely loved
22,The commercials are the most misleading.,0,commercial misleading
23,I have yet to run this new battery below two bars and that's three days without charging.,1,yet run new battery two bar three day without charging
24,I bought it for my mother and she had a problem with the battery.,0,bought mother problem battery
25,Great Pocket PC / phone combination.,1,great pocket pc phone combination
26,I've owned this phone for 7 months now and can say that it's the best mobile phone I've had.,1,owned phone month say best mobile phone
27,I didn't think that the instructions provided were helpful to me.,0,think instruction provided helpful
28,People couldnt hear me talk and I had to pull out the earphone and talk on the phone.,0,people couldnt hear talk pull earphone talk phone
29,Doesn't hold charge.,0,hold charge
30,"This is a simple little phone to use, but the breakage is unacceptible.",0,simple little phone use breakage unacceptible
31,This product is ideal for people like me whose ears are very sensitive.,1,product ideal people like whose ear sensitive
32,It is unusable in a moving car at freeway speed.,0,unusable moving car freeway speed
33,I have two more years left in this contract and I hate this phone.,0,two year left contract hate phone
34,Car charger as well as AC charger are included to make sure you never run out of juice.Highy recommended,1,car charger well ac charger included make sure never run juice highy recommended
35,You need at least 3 mins to get to your phone book from the time you first turn on the phone.Battery life is short.,0,need least min get phone book time first turn phone battery life short
36,It has kept up very well.,1,ha kept well
37,Poor Talk Time Performance.,0,poor talk time performance
38,The case is great and works fine with the 680.,1,case great work fine
39,worthless product.,0,worthless product
40,"It has a great camera thats 2MP, and the pics are nice and clear with great picture quality.",1,ha great camera thats mp pic nice clear great picture quality
41,I was not impressed by this product.,0,wa impressed product
42,Nice headset priced right.,1,nice headset priced right
43,I only hear garbage for audio.,0,hear garbage audio
44,Excellent bluetooth headset.,1,excellent bluetooth headset
45,It has all the features I want,1,ha feature want
46,Who in their right mind is gonna buy this battery?.,0,right mind gon na buy battery
47,AFTER ARGUING WITH VERIZON REGARDING THE DROPPED CALLS WE RETURNED THE PHONES AFTER TWO DAYS.,0,arguing verizon regarding dropped call returned phone two day
48,This case seems well made.,1,case seems well made
49,Disappointed with battery.,0,disappointed battery
50,Not loud enough and doesn't turn on like it should.,0,loud enough turn like
51,good protection and does not make phone too bulky.,1,good protection doe make phone bulky
52,A usable keyboard actually turns a PDA into a real-world useful machine instead of just a neat gadget.,1,usable keyboard actually turn pda real world useful machine instead neat gadget
53,This phone is pretty sturdy and I've never had any large problems with it.,1,phone pretty sturdy never large problem
54,I love this thing!,1,love thing
55,Everything about it is fine and reasonable for the price i.e.,1,everything fine reasonable price e
56,VERY DISAPPOINTED.,0,disappointed
57,I even dropped this phone into a stream and it was submerged for 15 seconds and it still works great!,1,even dropped phone stream wa submerged second still work great
58,I have been very happy with the 510 and have had NO complaints from any one regarding my sound quality on their end.,1,happy complaint one regarding sound quality end
59,The buttons for on and off are bad.,0,button bad
60,Essentially you can forget Microsoft's tech support.,0,essentially forget microsoft tech support
61,"I really recommend this faceplates since it looks very nice, elegant and cool.",1,really recommend faceplate since look nice elegant cool
62,These headphones were a great find - and I think they are perhaps the best purchase I've made in the last several years - seriously.,1,headphone great find think perhaps best purchase made last several year seriously
63,Buy a different phone - but not this.,0,buy different phone
64,You have to hold the phone at a particular angle for the other party to hear you clearly.,0,hold phone particular angle party hear clearly
65,The one big drawback of the MP3 player is that the buttons on the phone's front cover that let you pause and skip songs lock out after a few seconds.,0,one big drawback mp player button phone front cover let pause skip song lock second
66,"A week later after I activated it, it suddenly died.",0,week later activated suddenly died
67,It feels more comfortable than most headsets because I wear glasses and that gets in the way sometimes.,1,feel comfortable headset wear glass get way sometimes
68,Great for iPODs too.,1,great ipod
69,This device is great in several situations:1.),1,device great several situation
70,Mic Doesn't work.,0,mic work
71,"Even in my BMW 3 series which is fairly quiet, I have trouble hearing what the other person is saying.",0,even bmw series fairly quiet trouble hearing person saying
72,Great choice!,1,great choice
73,Nice docking station for home or work.,1,nice docking station home work
74,This is a beautiful phone.,1,beautiful phone
75,Love this product.,1,love product
76,Do Not Buy for D807...wrongly advertised for D807.,0,buy wrongly advertised
77,This is a great little item.,1,great little item
78,"I love this phone , It is very handy and has a lot of features .",1,love phone handy ha lot feature
79,I purchased this and within 2 days it was no longer working!!!!!!!!!,0,purchased within day wa longer working
80,I wear it everyday and it holds up very well.,1,wear everyday hold well
81,Not a good bargain.,0,good bargain
82,"Well packaged, arrived on time, and works as intended.",1,well packaged arrived time work intended
83,The battery runs down quickly.,0,battery run quickly
84,"This item worked great, but it broke after 6 months of use.",0,item worked great broke month use
85,The headsets are easy to use and everyone loves them.,1,headset easy use everyone love
86,This phone works great.,1,phone work great
87,The construction of the headsets is poor.,0,construction headset poor
88,Product was excellent and works better than the verizon one and Boy was it cheaper!,1,product wa excellent work better verizon one boy wa cheaper
89,The phone loads super!,1,phone load super
90,"For a product that costs as much as this one does, I expect it to work far better and with greater ease than this thing does.",0,product cost much one doe expect work far better greater ease thing doe
91,Made very sturdy.,1,made sturdy
92,Worked great!.,1,worked great
93,The ear buds only play music in one ear.,0,ear bud play music one ear
94,Dont waste your money...,0,dont waste money
95,Will order from them again!,1,order
96,If you plan to use this in a car forget about it.,0,plan use car forget
97,I found this product to be waaay too big.,0,found product waaay big
98,Best I've found so far .... I've tried 2 other bluetooths and this one has the best quality (for both me and the listener) as well as ease of using.,1,best found far tried bluetooths one ha best quality listener well ease using
99,I'm very disappointed with my decision.,0,disappointed decision
100,Integrated seamlessly with the Motorola RAZR phone.,1,integrated seamlessly motorola razr phone
101,"Buyer Beware, you could flush money right down the toilet.",0,buyer beware could flush money right toilet
102,Definitely a bargain.,1,definitely bargain
103,The price was very good and with the free shipping and all it was a good purchase.,1,price wa good free shipping wa good purchase
104,I received my supposedly new motorola 375 and apparently there was not a match between the phone and the charger.,0,received supposedly new motorola apparently wa match phone charger
105,"Pros:-Good camera - very nice pictures , also has cool styles like black and white, and more.",1,pro good camera nice picture also ha cool style like black white
106,"That's a huge design flaw (unless I'm not using it correctly, which I don't think is the case).",0,huge design flaw unless using correctly think case
107,"I love my 350 headset.. My Jabra350 bluetooth headset is great, the reception is very good and the ear piece is a comfortable fit.",1,love headset jabra bluetooth headset great reception good ear piece comfortable fit
108,"The camera, although rated at an impressive 1.3 megapixels, renders images that fall well below expectations of such a relatively high resolution.",0,camera although rated impressive megapixels render image fall well expectation relatively high resolution
109,I purcashed this for the car charger and it does not work.,0,purcashed car charger doe work
110,"Sound quality on both end is excellent, I use headset to call my wife and ask my wife to use headset to call me !2.",1,sound quality end excellent use headset call wife ask wife use headset call
111,This phone is slim and light and the display is beautiful.,1,phone slim light display beautiful
112,its a little geeky but i think thats its sex on toast and it rocks and oozes sex right down to its battery embedded sleek stylish leather case.,1,little geeky think thats sex toast rock ooze sex right battery embedded sleek stylish leather case
113,"Great product, fast shipping!.",1,great product fast shipping
114,Absolutely great.,1,absolutely great
115,The keyboard is a nice compromise between a full QWERTY and the basic cell phone number keypad.,1,keyboard nice compromise full qwerty basic cell phone number keypad
116,i got this phone around the end of may and i'm completely unhappy with it.,0,got phone around end may completely unhappy
117,It is very comfortable on the ear.,1,comfortable ear
118,It has been a winner for us.,1,ha winner u
119,)Setup couldn't have been simpler.,1,setup simpler
120,I've tried several different earpieces for my cell phone and this Jabra one is the first one I've found that fits my ear comfortably.,1,tried several different earpiece cell phone jabra one first one found fit ear comfortably
121,Could not get strong enough signal.,0,could get strong enough signal
122,Iam very pleased with my purchase.,1,iam pleased purchase
123,Bad Quality.,0,bad quality
124,Gets the job done.,1,get job done
125,Great audio!.,1,great audio
126,Basically the service was very bad.,0,basically service wa bad
127,it did not work in my cell phone plug i am very up set with the charger!.,0,work cell phone plug set charger
128,"I've only had my bluetooth for a few weeks, but I really like it.",1,bluetooth week really like
129,The BT headset was such a disapoinment.,0,bt headset wa disapoinment
130,It is so small and you don't even realize that it is there after a while of getting used to it.,1,small even realize getting used
131,The accompanied software is almost brilliant.,1,accompanied software almost brilliant
132,Headset works great & was packaged nicely to avoid any damage.,1,headset work great wa packaged nicely avoid damage
133,!I definitly recommend!!,1,definitly recommend
134,Buyer--Be Very Careful!!!!!.,0,buyer careful
135,The majority of the Logitech earbud headsets failed.,0,majority logitech earbud headset failed
136,Very good stuff for the price.,1,good stuff price
137,My headset works just peachy-keen.,1,headset work peachy keen
138,In my house I was getting dropped coverage upstairs and no coverage in my basement.,0,house wa getting dropped coverage upstairs coverage basement
139,Voice recognition is tremendous!,1,voice recognition tremendous
140,What a waste.,0,waste
141,"During several different 2 minute calls, I experienced 5 drops and it was in an area that had 5 bars.",0,several different minute call experienced drop wa area bar
142,I was not happy with this item.,0,wa happy item
143,very disappointed.,0,disappointed
144,The phone takes FOREVER to charge like 2 to 5 hours literally.,0,phone take forever charge like hour literally
145,I got this phone on reccomendation from a relative and I'm glad I did.,1,got phone reccomendation relative glad
146,What a waste of time!,0,waste time
147,Its reception is very very poor.,0,reception poor
148,Items stated as included from the description ARE NOT INCLUDED.,0,item stated included description included
149,"After 3 months, screen just went black all of a sudden.",0,month screen went black sudden
150,I Was Hoping for More.,0,wa hoping
151,"Audio Quality is poor, very poor.",0,audio quality poor poor
152,I had absolutely no problem with this headset linking to my 8530 Blackberry Curve!,1,absolutely problem headset linking blackberry curve
153,"I know that sounds funny, but to me it seemed like sketchy technology that wouldn't work well.Well, this one works great.",1,know sound funny seemed like sketchy technology work well well one work great
154,I've bought $5 wired headphones that sound better than these.,0,bought wired headphone sound better
155,This phone is very fast with sending any kind of messages and web browsing is significantly faster than previous phones i have used.,1,phone fast sending kind message web browsing significantly faster previous phone used
156,"Nice quality build, unlike some cheap s*** out there.",1,nice quality build unlike cheap
157,This item is fantastic and works perfectly!,1,item fantastic work perfectly
158,And I just love the colors!,1,love color
159,W810i is just SUPERB.,1,w superb
160,"All I can do is whine on the Internet, so here it goes.The more I use the thing the less I like it.",0,whine internet go use thing le like
161,Great charger.,1,great charger
162,This is essentially a communications tool that does not communicate.,0,essentially communication tool doe communicate
163,Works like a charm; it work the same as the one I got with the phone.,1,work like charm work one got phone
164,"I still maintain that monkeys shouldn't make headphones, we just obviously don't share enough DNA to copy the design over to humans.",0,still maintain monkey make headphone obviously share enough dna copy design human
165,Great Value.,1,great value
166,Doesn't work at all.. I bougth it for my L7c and its not working.,0,work bougth l c working
167,"The look of it is very sharp and the screen is nice and clear, with great graphics.",1,look sharp screen nice clear great graphic
168,doesn't last long.,0,last long
169,One thing I hate is the mode set button at the side.,0,one thing hate mode set button side
170,EXCELLENT SERVICE!!!!!!!!.,1,excellent service
171,Thank you for wasting my money.,0,thank wasting money
172,How can that be?The audio quality is poor.,0,audio quality poor
173,The iGo chargers and tips are really great.,1,igo charger tip really great
174,The file browser offers all the options that one needs.Handsfree is great.,1,file browser offer option one need handsfree great
175,Superb Phone on a Great Network.,1,superb phone great network
176,"I connected my wife's bluetooth,(Motorola HS850) to my phone and it worked like a charm whether the phone was in my pocket or the case.",1,connected wife bluetooth motorola h phone worked like charm whether phone wa pocket case
177,"I put the latest OS on it (v1.15g), and it now likes to slow to a crawl and lock up every once in a while.",0,put latest v g like slow crawl lock every
178,It only recognizes the Phone as its storage device.,0,recognizes phone storage device
179,"If you like a loud buzzing to override all your conversations, then this phone is for you!",0,like loud buzzing override conversation phone
180,Don't buy this product.,0,buy product
181,I've had this bluetoooth headset for some time now and still not comfortable with the way it fits on the ear.,0,bluetoooth headset time still comfortable way fit ear
182,The sound quality is good and functionality is awesome.,1,sound quality good functionality awesome
183,"I have this phone and it is a thorn in my side, I really abhor it.",0,phone thorn side really abhor
184,I recently had problems where I could not stay connected for more than 10 minutes before being disconnected.,0,recently problem could stay connected minute disconnected
185,Incredible!.,1,incredible
186,Design Flaw?.,0,design flaw
187,Great phone!.,1,great phone
188,Waste of 13 bucks.,0,waste buck
189,"But when I check voice mail at night, the keypad backlight turns off a few seconds into the first message, and then I'm lost.",0,check voice mail night keypad backlight turn second first message lost
190,The replacement died in a few weeks.,0,replacement died week
191,Any ring tone..Overall good phone to buy..,1,ring tone overall good phone buy
192,Lately they have been extremely nice and helpful on the phone.,1,lately extremely nice helpful phone
193,I have had problems wit hit dropping signal and more.,0,problem wit hit dropping signal
194,Not impressed.,0,impressed
195,"Light weight, I hardly notice it is there.",1,light weight hardly notice
196,You'll love how thin it is.,1,love thin
197,Bad Choice.,0,bad choice
198,The pleather case doesn't fit.,0,pleather case fit
199,"useless phone, simply deaf.",0,useless phone simply deaf
200,"The color is even prettier than I thought it would be, and the graphics are incredibly sharp.",1,color even prettier thought would graphic incredibly sharp
201,All in all I think it was a good investment.,1,think wa good investment
202,It makes very strange ticking noises before it ends the call.,0,make strange ticking noise end call
203,The best electronics of the available FM Transmitters.,1,best electronics available fm transmitter
204,Battery lasts only a few hours.,0,battery last hour
205,"great headset, very impressed - H500.",1,great headset impressed h
206,"The ""1.2"" mega pixel camera, being a part of a phone, is reasonably good7.",1,mega pixel camera part phone reasonably good
207,I've had this for nearly 2 years and it has worked great for me.,1,nearly year ha worked great
208,Good transmit audio.,1,good transmit audio
209,We are sending it back.,0,sending back
210,I did not bother contacting the company for few dollar product but I learned the lesson that I should not have bought this form online anyway.,0,bother contacting company dollar product learned lesson bought form online anyway
211,"If you hate earbugs, avoid this phone by all means.",0,hate earbugs avoid phone mean
212,Great price also!,1,great price also
213,"The range is very decent, I've been able to roam around my house with the phone in the living room with no reception/sound quality issues.",1,range decent able roam around house phone living room reception sound quality issue
214,fast service.,1,fast service
215,I would highly recommend this.,1,would highly recommend
216,I would recommend this.,1,would recommend
217,"I also didn't like the ""on"" button, it felt like it would crack with use.",0,also like button felt like would crack use
218,WORST PHONE EVER.,0,worst phone ever
219,I'm still infatuated with this phone.,1,still infatuated phone
220,Freezes frequently4.,0,freeze frequently
221,It's kind of embarrassing to use because of how it looks and mostly it's embarrassing how child-like the company is.,0,kind embarrassing use look mostly embarrassing child like company
222,"Simple, lightweight and great fit.",1,simple lightweight great fit
223,"All in all, I'd expected a better consumer experience from Motorola.",0,expected better consumer experience motorola
224,There's a horrible tick sound in the background on all my calls that I have never experienced before.,0,horrible tick sound background call never experienced
225,These are certainly very comfortable and functionality is decent.,1,certainly comfortable functionality decent
226,I usually don't like headbands but this one is very lightweight & doesn't mess up my hair.,1,usually like headband one lightweight mess hair
227,I'm a bit disappointed.,0,bit disappointed
228,"I have had this phone for over a year now, and I will tell you, its not that great.",0,phone year tell great
229,I ordered this for sony Ericsson W810i but I think it only worked once (thats when I first used it).,0,ordered sony ericsson w think worked thats first used
230,The battery is completely useless to me.,0,battery completely useless
231,What a big waste of time.,0,big waste time
232,Don't waste your $$$ on this one.,0,waste one
233,Great sound and service.,1,great sound service
234,Really pleased with this product so far.,1,really pleased product far
235,One of my favorite purchases ever.,1,one favorite purchase ever
236,best bluetooth on the market.,1,best bluetooth market
237,Authentic leather with nice shine and comfort .I recommend you this case !!,1,authentic leather nice shine comfort recommend case
238,I was very excited to get this headset because I thought it was really cute.,1,wa excited get headset thought wa really cute
239,Do not make the same mistake as me.,0,make mistake
240,Big Disappointment with calendar sync.,0,big disappointment calendar sync
241,the phone was unusable and was not new.,0,phone wa unusable wa new
242,Worst Customer Service Ever.,0,worst customer service ever
243,"No additional ear gels provided, and no instructions whatsoever.",0,additional ear gel provided instruction whatsoever
244,It defeats the purpose of a bluetooth headset.,0,defeat purpose bluetooth headset
245,Worth every penny.,1,worth every penny
246,Excellent wallet type phone case.,1,excellent wallet type phone case
247,Nice headphones for the price and they work great!,1,nice headphone price work great
248,Internet is excrutiatingly slow.,0,internet excrutiatingly slow
249,"It is very comfortable to wear as well, which is probably the most important aspect about using a case.",1,comfortable wear well probably important aspect using case
250,"It's fits like a glove and is strong, secure, and durable.",1,fit like glove strong secure durable
251,O my gosh the best phone I have ever had.,1,gosh best phone ever
252,It's very attractive and appears to be of good quality.,1,attractive appears good quality
253,I love all the features and form factor.,1,love feature form factor
254,This product had a strong rubber/petroleum smell that was unbearable after a while and caused me to return it,0,product strong rubber petroleum smell wa unbearable caused return
255,poor quality and service.,0,poor quality service
256,"The cable looks so thin and flimsy, it is scary.",0,cable look thin flimsy scary
257,Great Earpiece.,1,great earpiece
258,Excellent hands free tool.,1,excellent hand free tool
259,Great for using with your home stereo.,1,great using home stereo
260,Good product - incredible value.,1,good product incredible value
261,Only had this a month but it's worked flawlessly so far.,1,month worked flawlessly far
262,Works great.,1,work great
263,Absolutel junk.,0,absolutel junk
264,THAT one didn't work either.,0,one work either
265,Battery life is real good.,1,battery life real good
266,Returned 8 hours later.,0,returned hour later
267,It's a great item.,1,great item
268,Don't waste your money!.,0,waste money
269,Love this headset!,1,love headset
270,"Not only will it drain your player, but may also potentially fry it.",0,drain player may also potentially fry
271,Worked perfectly!,1,worked perfectly
272,Unreliable - I'm giving up.,0,unreliable giving
273,I gave it 5 stars because of the sound quality.,1,gave star sound quality
274,Avoid this one if you can.,0,avoid one
275,Reversible plug works great.,1,reversible plug work great
276,I wasted my little money with this earpiece.,0,wasted little money earpiece
277,Very good phone.,1,good phone
278,"Best of all is the rotating feature, very helpful.",1,best rotating feature helpful
279,Comfort for our whole family.,1,comfort whole family
280,"Good product, good seller.",1,good product good seller
281,I love this bluetooth!,1,love bluetooth
282,"First of all, it doesn't wear well.",0,first wear well
283,I am very impressed with this headset from Plantronics.,1,impressed headset plantronics
284,I got it because it was so small and adorable.,1,got wa small adorable
285,Great phone!.,1,great phone
286,I wouldn't recommend buying this product.,0,recommend buying product
287,Piece of Junk.,0,piece junk
288,Poorly contstruct hinge.,0,poorly contstruct hinge
289,"This item is great, installed it, let it charged up overnite and it has been working good every since with no problems",1,item great installed let charged overnite ha working good every since problem
290,Great Phone.,1,great phone
291,Don't buy it.,0,buy
292,Excellent Phone.,1,excellent phone
293,DO NOT PURCHASE THIS PHONE.,0,purchase phone
294,The voice recognition thru the handset is excellent.,1,voice recognition thru handset excellent
295,This is hands down the best phone I've ever had.,1,hand best phone ever
296,"Works great, when my cat attacked the phone he scratched the protective strip instead of destroying the screen.",1,work great cat attacked phone scratched protective strip instead destroying screen
297,This one works and was priced right.,1,one work wa priced right
298,Customer service was terrible.,0,customer service wa terrible
299,Battery life still not long enough in Motorola Razor V3i.,0,battery life still long enough motorola razor v
300,Sending it back.,0,sending back
301,Now I know that I made a wise decision.,1,know made wise decision
302,Someone shouldve invented this sooner.,1,someone shouldve invented sooner
303,Good price.,1,good price
304,Everything worked on the first try.The device was certainly engineered in a clever way and the construction feels good.,1,everything worked first try device wa certainly engineered clever way construction feel good
305,I received it quickly and it works great!!,1,received quickly work great
306,Has been working great.,1,ha working great
307,"As many people complained, I found this headset's microphone was very weak.",0,many people complained found headset microphone wa weak
308,My 5-year old Nokia 2160 from Tracfone holds the charge a lot better than this.,0,year old nokia tracfone hold charge lot better
309,They do not care about the consumer one bit.,0,care consumer one bit
310,"This is a good battery, and it got here really fast.",1,good battery got really fast
311,The instruction manual is lacking.,0,instruction manual lacking
312,Also its slim enough to fit into my alarm clock docking station without removing the case.,1,also slim enough fit alarm clock docking station without removing case
313,Phone now holds charge like it did when it was new.,1,phone hold charge like wa new
314,The battery is unreliable as well as the service use antena.,0,battery unreliable well service use antena
315,It's uncomfortable and the sound quality is quite poor compared with the phone (Razr) or with my previous wired headset (that plugged into an LG).,0,uncomfortable sound quality quite poor compared phone razr previous wired headset plugged lg
316,We have gotten a lot of compliments on it.,1,gotten lot compliment
317,This is definitely a must have if your state does not allow cell phone usage while driving.,1,definitely must state doe allow cell phone usage driving
318,I want my money back.,0,want money back
319,I love this device.,1,love device
320,I am also very happy with the price.,1,also happy price
321,I ordered this product first and was unhappy with it immediately.,0,ordered product first wa unhappy immediately
322,The Ngage is still lacking in earbuds.,0,ngage still lacking earbuds
323,I was able to do voice dialing in the car with no problem.,1,wa able voice dialing car problem
324,"I have 2-3 bars on my cell phone when I am home, but you cant not hear anything.",0,bar cell phone home cant hear anything
325,"good item, low price.",1,good item low price
326,"However-the riingtones are not the best, and neither are the games.",0,however riingtones best neither game
327,The plug did not work very well.,0,plug work well
328,AMAZON SUCKS.,0,amazon suck
329,Rip off---- Over charge shipping.,0,rip charge shipping
330,VERY comfortable.,1,comfortable
331,The battery is working well as a replacement for the original that came with the phone over 2 years ago.,1,battery working well replacement original came phone year ago
332,The reception is excellent!,1,reception excellent
333,"It fits comfortably in either ear, the sound is clear and loud, and the charge lasts a couple of days.",1,fit comfortably either ear sound clear loud charge last couple day
334,"very clear, quality sound and you don't have to mess with the sound on your iPod since you have the sound buttons on the headset.",1,clear quality sound mess sound ipod since sound button headset
335,1. long lasting battery (you don't have to recharge it as frequentyly as some of the flip phones)2.,0,long lasting battery recharge frequentyly flip phone
336,Obviously there is a problem with the adhesive.,0,obviously problem adhesive
337,Very disappointing.,0,disappointing
338,"It was an inexpensive piece, but I would still have expected better quality.",0,wa inexpensive piece would still expected better quality
339,It is practically useless and did not add any kind of boost to my reception after I bought it.,0,practically useless add kind boost reception bought
340,Excellent sound quality.,1,excellent sound quality
341,Was not happy.,0,wa happy
342,A PIECE OF JUNK THAT BROKE AFTER BEING ON MY PHONE FOR 2 DAYS!!!,0,piece junk broke phone day
343,New Battery works great in phone.,1,new battery work great phone
344,Worst customer service.,0,worst customer service
345,"I've dropped my phone more times than I can say, even on concrete and my phone is still great (knock on wood!).",1,dropped phone time say even concrete phone still great knock wood
346,Reception is terrible and full of static.,0,reception terrible full static
347,Good audio quality.,1,good audio quality
348,This little device has transformed my organizational capability and made my life a whole lot easier.,1,little device ha transformed organizational capability made life whole lot easier
349,"I was sitting in my vehicle, with the cradle on my belt, and the headset lost signal.",0,wa sitting vehicle cradle belt headset lost signal
350,Were JERKS on the phone.,0,jerk phone
351,Works like a charm.. Works as advertised.,1,work like charm work advertised
352,"Comfortable, Nice Range, Good Battery Life.",1,comfortable nice range good battery life
353,Their network coverage in Los Angeles is horrible.,0,network coverage los angeles horrible
354,Excellent starter wireless headset.,0,excellent starter wireless headset
355,"The loudspeaker option is great, the bumpers with the lights is very ... appealing.",0,loudspeaker option great bumper light appealing
356,The only thing that I think could improve is the sound leaks out from the headset.,0,thing think could improve sound leak headset
357,"First off the reception sucks, I have never had more than 2 bars, ever.",0,first reception suck never bar ever
358,The phone gets EXTREMELY HOT!,0,phone get extremely hot
359,"The microphone also works well, but (according to people I have called) it applifies everything.",1,microphone also work well according people called applifies everything
360,Nice design and quality.,1,nice design quality
361,"Also, if your phone is dropped, this case is not going to save it, specially when dropped face down.",0,also phone dropped case going save specially dropped face
362,"It is light, easy to use, and has very clear reception and transmission.",1,light easy use ha clear reception transmission
363,"bad fit, way too big.",0,bad fit way big
364,It definitely was not as good as my S11.,1,definitely wa good
365,awesome device.,1,awesome device
366,Waste of money.,0,waste money
367,"I had ordered a motorola data cable, got a very well finished and working product.",1,ordered motorola data cable got well finished working product
368,Love This Phone.,1,love phone
369,I was looking for this headset for a long time and now that I've got it I couldn't be happier.,1,wa looking headset long time got happier
370,"I'll be drivng along, and my headset starts ringing for no reason.",0,drivng along headset start ringing reason
371,Display is excellent and camera is as good as any from that year.,1,display excellent camera good year
372,Battery life is also great!,1,battery life also great
373,The worst phone I've ever had.... Only had it for a few months.,0,worst phone ever month
374,Not a good item.. It worked for a while then started having problems in my auto reverse tape player.,0,good item worked started problem auto reverse tape player
375,This is so embarassing and also my ears hurt if I try to push the ear plug into my ear.,0,embarassing also ear hurt try push ear plug ear
376,Protects the phone on all sides.,1,protects phone side
377,This is a VERY average phone with bad battery life that operates on a weak network.,0,average phone bad battery life operates weak network
378,"Clear Skype Calls, Long Battery Life, Long Range.",1,clear skype call long battery life long range
379,Soyo technology sucks.,0,soyo technology suck
380,Great Hands Free Device.,1,great hand free device
381,"you can even take self portraits with the outside (exterior) display, very cool.",1,even take self portrait outside exterior display cool
382,Same problem as others have mentioned.,0,problem others mentioned
383,After trying many many handsfree gadgets this is the one that finally works well.,1,trying many many handsfree gadget one finally work well
384,Magical Help.,1,magical help
385,The worst piece of crap ever along with the Verizon customer service.,0,worst piece crap ever along verizon customer service
386,Poor sound quality.,0,poor sound quality
387,The best phone in market :).,1,best phone market
388,It worked very well.,1,worked well
389,The company shipped my product very promptly and it works well.,1,company shipped product promptly work well
390,Exactly what I wanted.,1,exactly wanted
391,The picture resolution is far below what other comparably-priced phones are offering today.,0,picture resolution far comparably priced phone offering today
392,This is a great deal.,1,great deal
393,"Excellent product, I am very satisfied with the purchase.",1,excellent product satisfied purchase
394,I highly recommend these and encourage people to give them a try.,1,highly recommend encourage people give try
395,Better than you'd expect.,1,better expect
396,"Using all earpieces, left or right, this thing will not stay on my ear.",0,using earpiece left right thing stay ear
397,Great product and price.,1,great product price
398,"Sounds good reasonably priced and effective, Its that simple !",1,sound good reasonably priced effective simple
399,Still Waiting...... I'm sure this item would work well.. if I ever recieve it!,0,still waiting sure item would work well ever recieve
400,what a disappointment,0,disappointment
401,Very prompt service.,1,prompt service
402,Excellent product for the price.,1,excellent product price
403,Very pleased with this headset.,1,pleased headset
404,don't waste your money and time.,0,waste money time
405,I especially love the long battery life.,1,especially love long battery life
406,"It's so stupid to have to keep buying new chargers, car chargers, cradles, headphones and car kits every time a new phone comes out.",0,stupid keep buying new charger car charger cradle headphone car kit every time new phone come
407,Works great.,1,work great
408,Plantronics Bluetooth Excelent Buy.,1,plantronics bluetooth excelent buy
409,I came over from Verizon because cingulair has nicer cell phones.... the first thing I noticed was the really bad service.,0,came verizon cingulair ha nicer cell phone first thing noticed wa really bad service
410,I'll be looking for a new earpiece.,0,looking new earpiece
411,I highly recommend this device to everyone!,1,highly recommend device everyone
412,Jawbone Era is awesome too!,1,jawbone era awesome
413,We received a WHITE colored battery that goes DEAD after a couple hoursTHe original used to last a week - but still lasts longer than thereplacement,0,received white colored battery go dead couple hoursthe original used last week still last longer thereplacement
414,After a year the battery went completely dead on my headset.,0,year battery went completely dead headset
415,"I have used several phone in two years, but this one is the best.",1,used several phone two year one best
416,An Awesome New Look For Fall 2000!.,1,awesome new look fall
417,This is the first phone I've had that has been so cheaply made.,0,first phone ha cheaply made
418,"Att is not clear, sound is very distorted and you have to yell when you talk.",0,att clear sound distorted yell talk
419,The plastic breaks really easy on this clip.,0,plastic break really easy clip
420,Price is good too.,1,price good
421,Don't make the same mistake I did.,0,make mistake
422,Oh and I forgot to also mention the weird color effect it has on your phone.,0,oh forgot also mention weird color effect ha phone
423,I'm using it with an iriver SPINN (with case) and it fits fine.,1,using iriver spinn case fit fine
424,Also the area where my unit broke).- I'm not too fond of the magnetic strap.,0,also area unit broke fond magnetic strap
425,"Overall, I am psyched to have a phone which has all my appointments and contacts in and gets great reception.",1,overall psyched phone ha appointment contact get great reception
426,"every thing on phone work perfectly, she like it.",1,every thing phone work perfectly like
427,"Another note about this phone's appearance is that it really looks rather bland, especially in the all black model.",0,another note phone appearance really look rather bland especially black model
428,IT'S REALLY EASY.,1,really easy
429,My Sanyo has survived dozens of drops on blacktop without ill effect.,1,sanyo ha survived dozen drop blacktop without ill effect
430,Fantastic earphones.,1,fantastic earphone
431,It finds my cell phone right away when I enter the car.,1,find cell phone right away enter car
432,Low Quality.,0,low quality
433,I highly recommend this modest priced cellular phone.,1,highly recommend modest priced cellular phone
434,But it does get better reception and clarity than any phone I've had before.,1,doe get better reception clarity phone
435,Warning - Stay away.,0,warning stay away
436,I wish I could return the unit and get back my money.,0,wish could return unit get back money
437,Awsome Device Works Great!!.,1,awsome device work great
438,I used to talk on it for 1 - 1 1/2 hours and the battery would be literally drained and dying.,0,used talk hour battery would literally drained dying
439,"If you don't find it, too bad, as again the unit comes with one earpad only.I would not recommend this to anyone.",0,find bad unit come one earpad would recommend anyone
440,Very Displeased.,0,displeased
441,"I might have gotten a defect, but I would not risk buying it again because of the built quality alone.",0,might gotten defect would risk buying built quality alone
442,They made this case too small and is very difficult to install.,0,made case small difficult install
443,Restored my phone to like new performance.,1,restored phone like new performance
444,"I would recommend purchasing the Jabra JX-10 series 2 which works flawlessly with my Moto Q, go figure.",1,would recommend purchasing jabra jx series work flawlessly moto q go figure
445,"I searched the Internet, and found this one to be the best value.",1,searched internet found one best value
446,Does not fit.,0,doe fit
447,Very happy with this product.,1,happy product
448,"The screen size is big, key pad lit well enough, and the camera quality is excellent for a camera phone.",1,screen size big key pad lit well enough camera quality excellent camera phone
449,There's really nothing bad I can say about this headset.,0,really nothing bad say headset
450,"i'm glad i found this product on amazon it is hard to find, it wasn't high priced.",1,glad found product amazon hard find high priced
451,Portable and it works.,1,portable work
452,"My colleague & I now get great reception.A little expensive, but performance is great.",1,colleague get great reception little expensive performance great
453,I even fully charged it before I went to bed and turned off blue tooth and wi-fi and noticed that it only had 20 % left in the morning.,0,even fully charged went bed turned blue tooth wi fi noticed left morning
454,I've also had problems with the phone reading the memory card in which I always turn it on and then off again.,0,also problem phone reading memory card always turn
455,Not good when wearing a hat or sunglasses.,0,good wearing hat sunglass
456,Timely shipment and quality product.,1,timely shipment quality product
457,Nice solid keyboard.,1,nice solid keyboard
458,Very well made and fits my Surefire GX2 perfectly.,1,well made fit surefire gx perfectly
459,Horrible phone.,0,horrible phone
460,BT50 battery junk!.,0,bt battery junk
461,We would recommend these to others.,1,would recommend others
462,Cant get the software to work with my computer.,0,cant get software work computer
463,Disappointed!.,0,disappointed
464,poor voice clarity.,0,poor voice clarity
465,The battery works great!,1,battery work great
466,No buyers remorse on this one!.,0,buyer remorse one
467,Very disappointed in AccessoryOne.,0,disappointed accessoryone
468,I find this inexcusable and so will probably be returning this phone and perhaps changing carriers.,0,find inexcusable probably returning phone perhaps changing carrier
469,"Looks great and is strong.""",1,look great strong
470,"I have had TMobile service for 2 or 3 years now, and I am pretty happy with it.",1,tmobile service year pretty happy
471,The update procedure is difficult and cumbersome.,0,update procedure difficult cumbersome
472,Disappointment.. I hate anything that goes in my ear.,0,disappointment hate anything go ear
473,Great software for Motorolas.,1,great software motorolas
474,The delivery was on time.,1,delivery wa time
475,Very easy to use.,1,easy use
476,"Uncomfortable In the Ear, Don't use with LG VX9900 (EnV).",0,uncomfortable ear use lg vx env
477,The volume switch rocketed out of the unit to a destination unknown.,0,volume switch rocketed unit destination unknown
478,"It holds a charge for a long time, is reasonably comfortable under long-wearing conditions and the quality of sound is tremendous.",1,hold charge long time reasonably comfortable long wearing condition quality sound tremendous
479,I'd like to return it.,0,like return
480,The keyboard is really worthwhile in usefulness and is sturdy enough I don't expect any problems.,1,keyboard really worthwhile usefulness sturdy enough expect problem
481,"Verizon's bills, however, are difficult to understand even though their pricing plans are simple.",0,verizon bill however difficult understand even though pricing plan simple
482,"After charging overnight, these batteries work great.",1,charging overnight battery work great
483,You won't regret it!,1,regret
484,I love this phone!.,1,love phone
485,A Disappointment.,0,disappointment
486,Its not user friendly.,0,user friendly
487,Unfortunately the ability to actually know you are receiving a call is a rather important feature and this phone is pitiful in that respect.,0,unfortunately ability actually know receiving call rather important feature phone pitiful respect
488,"Then I exchanged for the same phone, even that had the same problem.",0,exchanged phone even problem
489,This results in the phone being either stuck at max volume or mute.,0,result phone either stuck max volume mute
490,This PDA rocks.,1,pda rock
491,"It is super charged up for use as a small hybrid palmtop/camera/cellphone, and excels in those roles.",1,super charged use small hybrid palmtop camera cellphone excels role
492,"I would definitely recommend the Jabra BT250v for those who are looking for comfort, clarity and a great price!",1,would definitely recommend jabra bt v looking comfort clarity great price
493,I had Verizon 2 years ago and really liked their service.,1,verizon year ago really liked service
494,Pretty piece of junk.,0,pretty piece junk
495,Plug was the wrong size.,0,plug wa wrong size
496,Works as described.,1,work described
497,Save your money.... I've had this item for 11 months now.,0,save money item month
498,Bad Purchase.,0,bad purchase
499,WELL IM SATISFIED.,1,well im satisfied
500,"The bose noise cancelling is amazing, which is very important for a NYC commuter.",1,bose noise cancelling amazing important nyc commuter
501,This battery is an excellent bargain!,1,battery excellent bargain
502,Defective crap.,0,defective crap
503,I would have given no star if I was able.,0,would given star wa able
504,I wear glasses and it fits fine with them.,1,wear glass fit fine
505,"The sound quality for the device is unacceptable.Unless you are in a really quiet area, you almost hear nothing.",0,sound quality device unacceptable unless really quiet area almost hear nothing
506,I would not recommend this item to anyone.,0,would recommend item anyone
507,The holster that arrived did not match the photo in the ad.,0,holster arrived match photo ad
508,great...no problems at all!.,1,great problem
509,"As an earlier review noted, plug in this charger and nothing happens.",0,earlier review noted plug charger nothing happens
510,This frog phone charm is adorable and very eye catching.,1,frog phone charm adorable eye catching
511,You never know if you pushed it hard enough or the right number of times for the function you want or not.,0,never know pushed hard enough right number time function want
512,The sound is clear and the people I talk to on it are amazed at the quality too.,1,sound clear people talk amazed quality
513,I got the aluminum case for my new Palm VX and it worked really well--it has protected my handheld perfectly so far.,1,got aluminum case new palm vx worked really well ha protected handheld perfectly far
514,"very good product, well made.",1,good product well made
515,Mobile Phone Tools are a must have.,1,mobile phone tool must
516,I am very impressed with the job that Motorola did on the sturdiness of this phone.,1,impressed job motorola sturdiness phone
517,"I received my orders well within the shipping timeframe, everything was in good working order and overall, I am very excited to have this source.",1,received order well within shipping timeframe everything wa good working order overall excited source
518,The phone is sturdy and waterproof.,1,phone sturdy waterproof
519,I am not impressed with this and i would not recommend this item to anyone.,0,impressed would recommend item anyone
520,My only complaint is the standard sound volume is a little low even when turned up to 5(of 5),0,complaint standard sound volume little low even turned
521,Thanks again to Amazon for having the things I need for a good price!,1,thanks amazon thing need good price
522,I ended up sliding it on the edge of my pants or back pockets instead.,1,ended sliding edge pant back pocket instead
523,I had to go to a store and bought a new NOKIA phone which is working great.,1,go store bought new nokia phone working great
524,Works great!.,1,work great
525,REALLY UGLY.,0,really ugly
526,"horrible, had to switch 3 times.",0,horrible switch time
527,The noise shield is incrediable.,1,noise shield incrediable
528,No real improvement.,0,real improvement
529,Razr Battery - Good buy.,1,razr battery good buy
530,Keep up the good work Amazon!!,1,keep good work amazon
531,They refuse to refund or replace.,0,refuse refund replace
532,Unfortunately it's easy to accidentally activate them with the gentle-touch buttons if you accidentally touch the phone to your face while listening.,0,unfortunately easy accidentally activate gentle touch button accidentally touch phone face listening
533,So I basically threw my money out the window for nothing.,0,basically threw money window nothing
534,Great case and price!,1,great case price
535,All it took was one drop from about 6 inches above the kitchen counter and it was cracked.I am not impressed and I am not laughing.,0,took wa one drop inch kitchen counter wa cracked impressed laughing
536,"Bluetooth range is good - a few days ago I left my phone in the trunk, got a call, and carried the conversation without a hitch.",1,bluetooth range good day ago left phone trunk got call carried conversation without hitch
537,"Small, sleek, impressive looking, practical setup with ample storage in place.",1,small sleek impressive looking practical setup ample storage place
538,The eargels channel the sound directly into your ear and seem to increase the sound volume and clarity.,1,eargels channel sound directly ear seem increase sound volume clarity
539,none of the new ones have ever quite worked properly.,0,none new one ever quite worked properly
540,I am glad I purchased it.,1,glad purchased
541,I've missed numerous calls because of this reason.,0,missed numerous call reason
542,"Perhaps my phone is defective, but people cannot hear me when I use this.",0,perhaps phone defective people hear use
543,Don't buy this product.,0,buy product
544,"sucked, most of the stuff does not work with my phone.",0,sucked stuff doe work phone
545,"No shifting, no bubbling, no peeling, not even a scratch, NOTHING!I couldn't be more happier with my new one for the Droid.",1,shifting bubbling peeling even scratch nothing happier new one droid
546,Worst software ever used.... If I could give this zero stars I would.,0,worst software ever used could give zero star would
547,Trying to make a call on these is an exercise in frustration.,0,trying make call exercise frustration
548,The case is a flimsy piece of plastic and has no front or side protection whatsoever.,0,case flimsy piece plastic ha front side protection whatsoever
549,"I own a Jabra Earset and was very happy with it, but the sound quality, especially outgoing, on this is better.",1,jabra earset wa happy sound quality especially outgoing better
550,"I love the camera, it's really pretty good quality.",1,love camera really pretty good quality
551,Thank you for such great service.,1,thank great service
552,Its a total package.,1,total package
553,"The seller is very understanding and patient, I would definitely buy from them again.",1,seller understanding patient would definitely buy
554,I give Wirefly 1 star.I will contact Cingular/AT&T; and inform them of this practice.,0,give wirefly star contact cingular inform practice
555,It's AGGRAVATING!,0,aggravating
556,Great product for the price!.,1,great product price
557,"I have purchased these for both family and friends, and all enjoy their clarity and ease of use",1,purchased family friend enjoy clarity ease use
558,Virgin Wireless rocks and so does this cheap little phone!,1,virgin wireless rock doe cheap little phone
559,"None of it works, just don't buy it.",0,none work buy
560,"Muddy, low quality sound, and the casing around the wire's insert was poorly super glued and slid off.",0,muddy low quality sound casing around wire insert wa poorly super glued slid
561,Please dont waste your money.,0,please dont waste money
562,"All in all, I'm quite satisfied with this purchase.",1,quite satisfied purchase
563,"If you are looking for a good quality Motorola Headset keep looking, this isn't it.",0,looking good quality motorola headset keep looking
564,Yet Plantronincs continues to use the same flawed charger design.,0,yet plantronincs continues use flawed charger design
565,Disapointing Results.,0,disapointing result
566,Cumbersome design.,0,cumbersome design
567,"Great it was new packaged nice works good, no problems and it came in less time then I expected!!!!",1,great wa new packaged nice work good problem came le time expected
568,Great Product.,1,great product
569,It's A PIECE OF CRAP!,0,piece crap
570,"My experience was terrible..... This was my fourth bluetooth headset, and while it was much more comfortable than my last Jabra (which I HATED!!!",0,experience wa terrible wa fourth bluetooth headset wa much comfortable last jabra hated
571,This fixes all the problems.,1,fix problem
572,Worst ever.,0,worst ever
573,I am very happy,1,happy
574,"I've had no trouble accessing the Internet, downloading ringtones or performing any of the functions.",1,trouble accessing internet downloading ringtones performing function
575,"I can barely ever hear on it and am constantly saying ""what?""",0,barely ever hear constantly saying
576,The battery life is highly unacceptable.,0,battery life highly unacceptable
577,That company is a joke.,0,company joke
578,It does everything the description said it would.,1,doe everything description said would
579,Due to this happening on every call I was forced to stop using this headset.,0,due happening every call wa forced stop using headset
580,"It works great with a car charger, especially if you cannot plug in two adapters at the same time.",1,work great car charger especially plug two adapter time
581,"Verizon tech support walked my through a few procedures, none of which worked and I ended up having to do a hard re-set, wiping out all my data.",0,verizon tech support walked procedure none worked ended hard set wiping data
582,"Voice Quality, Signal Strength, Dropped Calls.",0,voice quality signal strength dropped call
583,"It plays louder than any other speaker of this size; the price is so low that most would think the quality is lacking, however, it's not.",1,play louder speaker size price low would think quality lacking however
584,Better than expected.,1,better expected
585,"It feels poorly constructed, the menus are difficult to navigate, and the buttons are so recessed that it is difficult to push them.",0,feel poorly constructed menu difficult navigate button recessed difficult push
586,Battery is holding up well.,1,battery holding well
587,Also difficult to put on.I'd recommend avoiding this product.,0,also difficult put recommend avoiding product
588,"I only used it two days, and it wasn't always easy to hear with.",0,used two day always easy hear
589,I got the car charger and not even after a week the charger was broken...I went to plug it in and it started smoking.,0,got car charger even week charger wa broken went plug started smoking
590,Sprint - terrible customer service.,0,sprint terrible customer service
591,Linked to my phone without effort.,1,linked phone without effort
592,THey are so cool!,1,cool
593,Easy to use.,1,easy use
594,Better Than New.,1,better new
595,"What possesed me to get this junk, I have no idea...",0,possesed get junk idea
596,Piece of trash.,0,piece trash
597,A pretty good product.,1,pretty good product
598,This is a great phone!.,1,great phone
599,"For the price on Amazon, it is an excellent product, which I would highly recommend.",1,price amazon excellent product would highly recommend
600,Their Research and Development division obviously knows what they're doing.,1,research development division obviously know
601,"The real killer is the volume, and of course it breaking.",0,real killer volume course breaking
602,Those phones are working just fine now.,1,phone working fine
603,I am more than happy with this product.,1,happy product
604,Poor Construction.,0,poor construction
605,This is infuriating.,0,infuriating
606,"Overall, I would recommend this phone over the new Walkman.",1,overall would recommend phone new walkman
607,Sprint charges for this service.,0,sprint charge service
608,"It is cheap, and it feel and look just as cheap.",0,cheap feel look cheap
609,It fits my ear well and is comfortable on.,1,fit ear well comfortable
610,It doesn't work in Europe or Asia.,0,work europe asia
611,clipping this to your belt will deffinitely make you feel like 50 cent's up-and-coming.,1,clipping belt deffinitely make feel like cent coming
612,I like design and look of Jabra behing the ear headsets and 5020 is pretty comfortible to wear 24 hours a day without pain in the ear.,1,like design look jabra behing ear headset pretty comfortible wear hour day without pain ear
613,I was amazed at the quick arrival of the two original lg cell phone batteries and and at a fraction of the price.,1,wa amazed quick arrival two original lg cell phone battery fraction price
614,the worst phone from samsung...crap..... this crappy Samsung E715.. is the worst i have ever seeen.,0,worst phone samsung crap crappy samsung e worst ever seeen
615,the charger worked for about a week and then completely stopped charging my phone.,0,charger worked week completely stopped charging phone
616,Poor product.,0,poor product
617,However I needed some better instructions.,0,however needed better instruction
618,You need two hands to operate the screen.This software interface is decade old and cannot compete with new software designs.,0,need two hand operate screen software interface decade old compete new software design
619,Worked very well paired with a Treo 700w and as a Skype headset on my PC (using a USB Bluetooth transceiver).,1,worked well paired treo w skype headset pc using usb bluetooth transceiver
620,"Steer clear of this product and go with the genuine Palm replacementr pens, which come in a three-pack.",0,steer clear product go genuine palm replacementr pen come three pack
621,DO NOT BUY DO NOT BUYIT SUCKS,0,buy buyit suck
622,This is a great product..... sure beats using your fingers!.,1,great product sure beat using finger
623,"Plus, I seriously do not believe it is worth its steep price point.",0,plus seriously believe worth steep price point
624,All the other cases I've tried normally fall apart after a few months but this one seems to be in for the long haul.,1,case tried normally fall apart month one seems long haul
625,Very Dissapointing Performance.,0,dissapointing performance
626,Don't make the same mistake that I did and please don't buy this phone.,0,make mistake please buy phone
627,This phone might well be the worst I've ever had in any brand.,0,phone might well worst ever brand
628,Case was more or less an extra that I originally put on but later discarded because it scratched my ear.,0,case wa le extra originally put later discarded scratched ear
629,I recommend iGo to anyone with different brand cell phones/mp3 players in the family.,1,recommend igo anyone different brand cell phone mp player family
630,Don't bother - go to the store.,0,bother go store
631,"I posted more detailed comments under the grey or black phone, but i have the Fire Red and it's a great color!",1,posted detailed comment grey black phone fire red great color
632,I did not have any problem with this item and would order it again if needed.,1,problem item would order needed
633,You get what you pay for I guess.,0,get pay guess
634,"Not only did the software do a great job of this, I could also make my own ringtones form my existing CDs without an internet connection.",1,software great job could also make ringtones form existing cd without internet connection
635,im surprised this is a good quality car charger and there's not much reviews about it.,1,im surprised good quality car charger much review
636,These are fabulous!,1,fabulous
637,"However, BT headsets are currently not good for real time games like first-person shooters since the audio delay messes me up.",0,however bt headset currently good real time game like first person shooter since audio delay mess
638,I used bitpim (a free program you can find on the internet)to transfer data to the phone.The price of the cable was excellent.,1,used bitpim free program find internet transfer data phone price cable wa excellent
639,Disappointing accessory from a good manufacturer.,0,disappointing accessory good manufacturer
640,"Performed awful -- muffled, tinny incoming sound and severe echo for those on the other end of the call.",0,performed awful muffled tinny incoming sound severe echo end call
641,Very wind-resistant.,1,wind resistant
642,"Obviously they have a terrible customer service, so you get what you pay for.",0,obviously terrible customer service get pay
643,"They do not last forever, but is not overly expensive to replace.Easy to operate and the sound is much better than others I have tried.",1,last forever overly expensive replace easy operate sound much better others tried
644,"I contacted the company and they told me that, although the unit was still under warranty, if I couldn't produce my receipt I was out of luck.",0,contacted company told although unit wa still warranty produce receipt wa luck
645,Linksys should have some way to exchange a bad phone for a refurb unit or something!,0,linksys way exchange bad phone refurb unit something
646,Phone is sturdy as all nokia bar phones are.,1,phone sturdy nokia bar phone
647,Great phone.,1,great phone
648,"When I placed my treo into the case, not only was it NOT snug, but there was A LOT of extra room on the sides.",0,placed treo case wa snug wa lot extra room side
649,I'm pleased.,1,pleased
650,Battery is terrible.,0,battery terrible
651,I found the product to be easy to set up and use.,1,found product easy set use
652,The earpiece on this is too large or too heavy...it keeps falling out of my ear.,0,earpiece large heavy keep falling ear
653,Utter crap.. Sound quality is TERRIBLE.,0,utter crap sound quality terrible
654,"The charger arrived within the promised timeframe, but it did not work.",0,charger arrived within promised timeframe work
655,"No ear loop needed, it's tiny and the sound is great.",1,ear loop needed tiny sound great
656,"Finally, after three or four times the spring of the latch broke and I could not use it any longer on the visor.",0,finally three four time spring latch broke could use longer visor
657,"The handsfree part works fine, but then the car tries to download the address book, and the Treo reboots.Overall, I still rate this device high.",1,handsfree part work fine car try download address book treo reboots overall still rate device high
658,Talk about USELESS customer service.,0,talk useless customer service
659,"It felt too light and ""tinny."".",0,felt light tinny
660,This does not fit the Palm Tungsten E2 and it broke the first time I tried to plug it in.,0,doe fit palm tungsten e broke first time tried plug
661,I'm happy about this purchase- good quality and low price.,1,happy purchase good quality low price
662,I love the look and feel of Samsung flipphones.,1,love look feel samsung flipphones
663,Its well-designed and very sharp -- the blue is a very nice color.,1,well designed sharp blue nice color
664,Does everything it should and more.,1,doe everything
665,I could not recommend these more.,0,could recommend
666,Nice Sound.,1,nice sound
667,"Looks good in the picture, but this case was a huge disappointment!!",0,look good picture case wa huge disappointment
668,Much less than the jawbone I was going to replace it with.,1,much le jawbone wa going replace
669,Setup went very smoothly.,1,setup went smoothly
670,its extremely slow and takes forever to do anything with it.,0,extremely slow take forever anything
671,"A must study for anyone interested in the ""worst sins"" of industrial design.",0,must study anyone interested worst sin industrial design
672,The first thing that happened was that the tracking was off.,0,first thing happened wa tracking wa
673,"It is well made, easy to access the phone and has a handy, detachable belt clip.",1,well made easy access phone ha handy detachable belt clip
674,Then I had to continue pairing it periodically since it somehow kept dropping.,0,continue pairing periodically since somehow kept dropping
675,Can't upload ringtones from a third party.,0,upload ringtones third party
676,"Bluetooth does not work, phone locks up, screens just flash up and now it just makes calls randomly while in my pocket locked.",0,bluetooth doe work phone lock screen flash make call randomly pocket locked
677,Truly awful.,0,truly awful
678,"It works fine on my Motorola 325 cellphone, and a lot better than the worn-out battery did.",1,work fine motorola cellphone lot better worn battery
679,The volume for the ringer is REAL good (you have choices how loud).,1,volume ringer real good choice loud
680,And none of the tones is acceptable.,0,none tone acceptable
681,camera color balance is AWFUL.,0,camera color balance awful
682,"This product is clearly not ready for prime time, I don't care how cool it looks, if you can't tell a call is coming in it's worthless.",0,product clearly ready prime time care cool look tell call coming worthless
683,I love the ringtones because they are so upbeat!,1,love ringtones upbeat
684,Chinese Forgeries Abound!.,0,chinese forgery abound
685,Easy to pair with my Samsung Cell.,1,easy pair samsung cell
686,The instructions didn't explain that a microphone jack could be used.,0,instruction explain microphone jack could used
687,i would advise to not purchase this item it never worked very well.,0,would advise purchase item never worked well
688,Too bad you have to pay up to $$$ a month for the service!,0,bad pay month service
689,Works well.,1,work well
690,The nokia CA-42 USB cable did not work with my phone.,0,nokia ca usb cable work phone
691,Clear crisp sound.,1,clear crisp sound
692,"I have to use the smallest earpieces provided, but it stays on pretty well.",1,use smallest earpiece provided stay pretty well
693,"The biggest complaint I have is, the battery drains superfast.",0,biggest complaint battery drain superfast
694,The design might be ergonomic in theory but I could not stand having these in my ear.,0,design might ergonomic theory could stand ear
695,Do NOT buy if you want to use the holster.,0,buy want use holster
696,The phone can also take great pictures and even video clips.,1,phone also take great picture even video clip
697,It doesn't make you look cool.,0,make look cool
698,"Because both ears are occupied, background is not distracting at all.",1,ear occupied background distracting
699,"Comfortable fit - you need your headset to be comfortable for at least an hour at a time, if not for an entire day.",1,comfortable fit need headset comfortable least hour time entire day
700,"Also, the phone doesn't seem to accept anything except CBR mp3s, preferably ripped by Windows Media Player.",0,also phone seem accept anything except cbr mp preferably ripped window medium player
701,You can't beat the price on these.,1,beat price
702,"* Comes with a strong light that you can use to light up your camera shots, and even flash SOS signals (seriously!",1,come strong light use light camera shot even flash signal seriously
703,lightweight and works well.,1,lightweight work well
704,So just beware.,0,beware
705,I love this cable - it allows me to connect any mini-USB device to my PC.,1,love cable allows connect mini usb device pc
706,So anyone near you will hear part of your conversation.,0,anyone near hear part conversation
707,This is cool because most cases are just open there allowing the screen to get all scratched up.,1,cool case open allowing screen get scratched
708,I bought this phone as a replacement for my StarTac and have regretted it since.,0,bought phone replacement startac regretted since
709,Appears to actually outperform the original battery from China that came with my V325i.,1,appears actually outperform original battery china came v
710,Can't store anything but phone numbers to SIM.,0,store anything phone number sim
711,"It lasts less than 3o minutes, if I actually try to use the phone.My wife has the same phone with the same problem.",0,last le minute actually try use phone wife ha phone problem
712,Poor quality.,0,poor quality
713,"jabra ear gels ""R"" the best!.",1,jabra ear gel r best
714,Not worth it.,0,worth
715,The phone crashed completely and now I have to get it replaced.,0,phone crashed completely get replaced
716,"It quit working after I'd used it for about 18 months, so I just purchased another one because this is the best headset I've ever owned.",1,quit working used month purchased another one best headset ever owned
717,"Unfortunately it will not recharge my iPhone 4s, despite connecting it from multiple power sources (iMac, external battery, wall outlet, etc).",0,unfortunately recharge iphone despite connecting multiple power source imac external battery wall outlet etc
718,It was a great phone.,1,wa great phone
719,if you simply want a small flip phone -- look elsewhere as the extra bells & whistles are mediocre.,0,simply want small flip phone look elsewhere extra bell whistle mediocre
720,"Good value, works fine - power via USB, car, or wall outlet.",1,good value work fine power via usb car wall outlet
721,My phone doesn't slide around my car now and the grip prevents my phone from slipping out of my hand.,1,phone slide around car grip prevents phone slipping hand
722,This is simply the BEST bluetooth headset for sound quality!,1,simply best bluetooth headset sound quality
723,Think it over when you plan to own this one!This sure is the last MOTO phone for me!,0,think plan one sure last moto phone
724,"In the span of an hour, I had two people exclaim ""Whoa - is that the new phone on TV?!?",1,span hour two people exclaim whoa new phone tv
725,I have always used corded headsets and the freedom from the wireless is very helpful.,1,always used corded headset freedom wireless helpful
726,"This case has passed the one year mark and while it shows signs of wear, it is 100% functional.",1,case ha passed one year mark show sign wear functional
727,"Other than that, the leather is nice and soft; the fit is very tight; the cut out for the face is a good shape.",1,leather nice soft fit tight cut face good shape
728,It has everything I need and I couldn't ask for more.,1,ha everything need ask
729,After receiving and using the product for just 2 days it broke.,0,receiving using product day broke
730,This product is great... it makes working a lot easier I can go to the copier while waiting on hold for something.,1,product great make working lot easier go copier waiting hold something
731,None of the three sizes they sent with the headset would stay in my ears.,0,none three size sent headset would stay ear
732,T-Mobile has the best customer service anywhere.,1,mobile ha best customer service anywhere
733,Arrived quickly and much less expensive than others being sold.,1,arrived quickly much le expensive others sold
734,We have tried 2 units and they both failed within 2 months.. Pros,0,tried unit failed within month pro
735,"Provides good protection and looks classy, too.",1,provides good protection look classy
736,Krussel Always good.,1,krussel always good
737,"The tracfonewebsite is user friendly and makes it easy toactivate, etc.",1,tracfonewebsite user friendly make easy toactivate etc
738,The design is very good.4.,1,design good
739,I great reception all the time.,1,great reception time
740,I would highly recommend this product.,1,would highly recommend product
741,"Couldn't use the unit with sunglasses, not good in Texas!",0,use unit sunglass good texas
742,It dit not work most of the time with my Nokia 5320.,0,dit work time nokia
743,"Bought mainly for the charger, which broke soon after purchasing.",0,bought mainly charger broke soon purchasing
744,"If you like a loud buzzing to override all your conversations, then this phone is for you!",0,like loud buzzing override conversation phone
745,Fantastic buy and will get again for whatever my next phone is,1,fantastic buy get whatever next phone
746,"stay away from this store, be careful.",0,stay away store careful
747,This BlueAnt Supertooth hands-free phone speaker is AWESOME.,1,blueant supertooth hand free phone speaker awesome
748,Does not fit.,0,doe fit
749,.... Item arrived quickly and works great with my Metro PCS Samsung SCH-r450 slider phone and Sony Premium Sound in ear plugs.,1,item arrived quickly work great metro pc samsung sch r slider phone sony premium sound ear plug
750,"It is light, has plenty of battery capacity, and is very confortable to wear for somewhat extended periods of time.",1,light ha plenty battery capacity confortable wear somewhat extended period time
751,disappointing.,0,disappointing
752,Blue Ant is easy to use.,1,blue ant easy use
753,Cheap but hey it works.. Was pleasantly suprised given the low cost of this item.,1,cheap hey work wa pleasantly suprised given low cost item
754,The camera on the phone may be used as a dustpan when indoors... I'd rather be using a disposable then this.,0,camera phone may used dustpan indoors rather using disposable
755,Then a few days later the a puff of smoke came out of the phone while in use.,0,day later puff smoke came phone use
756,It's very convenient and simple to use - gets job done & makes the car ride so much smoother.,1,convenient simple use get job done make car ride much smoother
757,The nano stated it.My son was dissapointed.,0,nano stated son wa dissapointed
758,The sound quality is excellent as well.,1,sound quality excellent well
759,Its the best headset I have used.,1,best headset used
760,Would not reccommend.,0,would reccommend
761,They have been around for years and carries the highest quality of anti-glare screen protector that I have found to date.,1,around year carry highest quality anti glare screen protector found date
762,Just what I wanted.,1,wanted
763,This particular model would not work with my Motorola Q smartphone.,0,particular model would work motorola q smartphone
764,wont work right or atleast for me.,0,wont work right atleast
765,in addition it feels &amp; looks as if the phone is all lightweight cheap plastic.,0,addition feel amp look phone lightweight cheap plastic
766,"But now that it is ""out of warranty"" the same problems reoccure.Bottom line... put your money somewhere else... Cingular will not support it.",0,warranty problem reoccure bottom line put money somewhere else cingular support
767,"I really wanted the Plantronics 510 to be the right one, but it has too many issues for me.The good",0,really wanted plantronics right one ha many issue good
768,Great product.,1,great product
769,Crisp and Clear.,1,crisp clear
770,AFter the first charge kept going dead after 12 minutes.,0,first charge kept going dead minute
771,"VERY cheap plastic, creaks like an old wooden floor.",0,cheap plastic creak like old wooden floor
772,"I get absolutely horrible reception in my apartment, where with other phones I have not had this problem.",0,get absolutely horrible reception apartment phone problem
773,The reception has been generally good.,1,reception ha generally good
774,"Excellent sound, battery life and inconspicuous to boot!.",1,excellent sound battery life inconspicuous boot
775,Great bluetooth!.,1,great bluetooth
776,I highly recommend this case.,1,highly recommend case
777,WORTHWHILE.,1,worthwhile
778,This is a great deal.,1,great deal
779,"After my phone got to be about a year old, it's been slowly breaking despite much care on my part.",0,phone got year old slowly breaking despite much care part
780,I am sorry I made this purchase.,0,sorry made purchase
781,I bought these hoping I could make my Bluetooth headset fit better but these things made it impossible to wear.,0,bought hoping could make bluetooth headset fit better thing made impossible wear
782,Treo and T-Mobile refused to replace it again and forced me to buy another phone without any kind of upgrade discount.,0,treo mobile refused replace forced buy another phone without kind upgrade discount
783,It was horrible!.,0,wa horrible
784,I don't think it would hold it too securly on your belt.,0,think would hold securly belt
785,This allows the possibility of double booking for the same date and time after the first.,0,allows possibility double booking date time first
786,They work about 2 weeks then break.,0,work week break
787,It is simple to use and I like it.,1,simple use like
788,"It's a great tool for entertainment, communication, and data management.Oh, be sure to use ActiveSync 4.2 for optimal data synchronization results!",1,great tool entertainment communication data management oh sure use activesync optimal data synchronization result
789,I can't use this case because the smell is disgusting.,0,use case smell disgusting
790,NOT WHAT I WANTED.,0,wanted
791,I own 2 of these cases and would order another.,1,case would order another
792,Great Phone.,1,great phone
793,I bought this battery with a coupon from Amazon and I'm very happy with my purchase.,1,bought battery coupon amazon happy purchase
794,"The internet access was fine, it the rare instance that it worked.",0,internet access wa fine rare instance worked
795,Perfect for the PS3.,1,perfect p
796,"Five star Plus, plus.",1,five star plus plus
797,A good quality bargain.. I bought this after I bought a cheapy from Big Lots that sounded awful and people on the other end couldn't hear me.,1,good quality bargain bought bought cheapy big lot sounded awful people end hear
798,$50 Down the drain.,0,drain
799,I tried talking real loud but shouting on the telephone gets old and I was still told it wasn't great.,0,tried talking real loud shouting telephone get old wa still told great
800,"Good , works fine.",1,good work fine
801,For the price this was a great deal.,1,price wa great deal
802,"Great price, too!",1,great price
803,"If there is a wind, it is completely useless.",0,wind completely useless
804,Yes it's shiny on front side - and I love it!,1,yes shiny front side love
805,Does Not Work.,0,doe work
806,"At first I thought I was grtting a good deal at $7.44, until I plugged it into my phone (V3c Razr).",0,first thought wa grtting good deal plugged phone v c razr
807,The reception through this headset is excellent.,1,reception headset excellent
808,2 thumbs up to this seller,1,thumb seller
809,"I have a Verizon LG phone and they work well together, good reception and range that exceeds 20 feet line of sight.",1,verizon lg phone work well together good reception range exceeds foot line sight
810,Improper description.... I had to return it.,0,improper description return
811,#1 It Works - #2 It is Comfortable.,1,work comfortable
812,Battery charge-life is quite long.,1,battery charge life quite long
813,The Jabra EarGels fit my ears very well.,1,jabra eargels fit ear well
814,Battery has no life.,0,battery ha life
815,I checked everywhere and there is no feature for it which is really disappointing.,0,checked everywhere feature really disappointing
816,Product is exactly as described.,1,product exactly described
817,Gets a signal when other Verizon phones won't.,1,get signal verizon phone
818,Doesn't do the job.,0,job
819,I would recommend it.,1,would recommend
820,Plan on ordering from them again and again.,1,plan ordering
821,"That being said, for a phone, the camera is very nice; many cool effects to play with, and video is decent as well.",1,said phone camera nice many cool effect play video decent well
822,I have been very satisfied with this cell phone from day one.,1,satisfied cell phone day one
823,They keep getting better and better (this is my third one and I've had numerous Palms too).,1,keep getting better better third one numerous palm
824,Awkward to use and unreliable.,0,awkward use unreliable
825,The shipping time was also very quick!,1,shipping time wa also quick
826,Not as good as I had hoped.,0,good hoped
827,Good case!.,1,good case
828,Doesn't Work.,0,work
829,Really good product.,1,really good product
830,Unfortunately it did not work.,0,unfortunately work
831,All three broke within two months of use.,0,three broke within two month use
832,dont buy it.,0,dont buy
833,"My father has the V265, and the battery is dying.",0,father ha v battery dying
834,"However, the ear pads come off easily and after only one week I lost one.",0,however ear pad come easily one week lost one
835,"The calls drop, the phone comes on and off at will, the screen goes black and the worst of all it stops ringing intermittently.",0,call drop phone come screen go black worst stop ringing intermittently
836,"Horrible, horrible protector.",0,horrible horrible protector
837,I don't like this Nokia either.,0,like nokia either
838,"Reaching for the bottom row is uncomfortable, and the send and end keys are not where I expect them to be.3.",0,reaching bottom row uncomfortable send end key expect
839,I have bought this Nokia cell phone a few weeks ago and it was a nightmare.,0,bought nokia cell phone week ago wa nightmare
840,It would take too long to describe how bad my customer service experience has been with Amazon.,0,would take long describe bad customer service experience ha amazon
841,the only VERY DISAPPOINTING thing was there was NO SPEAKERPHONE!!!!,0,disappointing thing wa wa speakerphone
842,Terrible.. My car will not accept this cassette.,0,terrible car accept cassette
843,"Product is useless, since it does not have enough charging current to charge the 2 cellphones I was planning to use it with.",0,product useless since doe enough charging current charge cellphone wa planning use
844,It's not what it says it is.,0,say
845,Stay Away From the Q!.,0,stay away q
846,Used and dirty.,0,used dirty
847,Very unreliable service from T-mobile !,0,unreliable service mobile
848,Not good enough for the price.,0,good enough price
849,I bought two of them and neither will charge.,0,bought two neither charge
850,It looks very nice.,1,look nice
851,"This is an excellent tool, especially when paired with your phone's auto-answer.",1,excellent tool especially paired phone auto answer
852,I have read other's reviews here but I haven't had any problem with it.,1,read review problem
853,These products cover up the important light sensor above the ear outlet.,0,product cover important light sensor ear outlet
854,Comfortable in my hand.,1,comfortable hand
855,Just does not work.,0,doe work
856,Poor Reliability.,0,poor reliability
857,(It works!),1,work
858,"If I take a picture, the battery drops a bar, and starts beeping, letting me know its dieing.",0,take picture battery drop bar start beeping letting know dieing
859,"Terrible product, and waste of money!",0,terrible product waste money
860,Last time buying from you.,0,last time buying
861,It was a waste of my money.,0,wa waste money
862,So far it has worked like a charm.,1,far ha worked like charm
863,"I have only had it for a few weeks, but so far, so good.",1,week far good
864,"But, in any case, the best part is, you can download these pictures to your laptop using IR, or even send pictures from your laptop to the phone.",1,case best part download picture laptop using ir even send picture laptop phone
865,Would recommend this item.,1,would recommend item
866,It's been my choice headset for years.Great sound; good volume; good noise cancellation.,1,choice headset year great sound good volume good noise cancellation
867,"Nice case, feels good in your hands.",1,nice case feel good hand
868,The item received was Counterfeit.,0,item received wa counterfeit
869,"Just really good.. So far, probably the best BT headset I have ever had.",1,really good far probably best bt headset ever
870,Works fine.,1,work fine
871,I received my headset in good time and was happy with it.,1,received headset good time wa happy
872,I was very pleased to see that I could replace my well travled swivel holster for my Blackberry flip.,1,wa pleased see could replace well travled swivel holster blackberry flip
873,My sister has one also and she loves it.,1,sister ha one also love
874,Good Quality.,1,good quality
875,This is by far the worst purchase I've made on Amazon.,0,far worst purchase made amazon
876,Excellent dual-purpose headset.,1,excellent dual purpose headset
877,Excellent!.,1,excellent
878,Does not work for listening to music with the cingular 8125.,0,doe work listening music cingular
879,"It seems completely secure, both holding on to my belt, and keeping the iPhone inside.",1,seems completely secure holding belt keeping iphone inside
880,"The bottowm line...another worthless, cheap gimmick from Sprint.",0,bottowm line another worthless cheap gimmick sprint
881,Having trouble with volume.,0,trouble volume
882,The only good thing was that it fits comfortably on small ears.,1,good thing wa fit comfortably small ear
883,WARNING - DO NOT BUY!!.,0,warning buy
884,"I am pairing this with my iphone, and I could not be happier with it so far.",1,pairing iphone could happier far
885,"When it opens, the battery connection is broken and the device is turned off.",0,open battery connection broken device turned
886,"I didn't want the clip going over the top of my ear, causing discomfort.",0,want clip going top ear causing discomfort
887,Best headset ever!!!.,1,best headset ever
888,Don't trust their website and don't expect any helpful support.,0,trust website expect helpful support
889,It was that loud.Glad to say that the Plantronics 510 maintains a flawless connection to my cell and with no static during normal use.,1,wa loud glad say plantronics maintains flawless connection cell static normal use
890,The speaker is of low quality so as making the ring tones sound very cheap.,0,speaker low quality making ring tone sound cheap
891,"Fits comfortably, came with three sizes of earbud tips.",1,fit comfortably came three size earbud tip
892,Excellent product for the price.,1,excellent product price
893,Bad Reception.,0,bad reception
894,This product is very High quality Chinese CRAP!!!!!!,0,product high quality chinese crap
895,It was quite comfortable in the ear.,1,wa quite comfortable ear
896,Great phone.,1,great phone
897,Don't buy this product - It fails!.,0,buy product fails
898,Everything about this product is wrong.First,0,everything product wrong first
899,The pairing of the two devices was so easy it barely took a couple minutes before I started making calls with the voice dialing feature.,1,pairing two device wa easy barely took couple minute started making call voice dialing feature
900,"This was utterly confusing at first, which caused me to lose a couple of very, very important contacts.",0,wa utterly confusing first caused lose couple important contact
901,Terrible phone holder.,0,terrible phone holder
902,The cutouts and buttons are placed perfectly.,1,cutout button placed perfectly
903,I love being able to use one headset for both by land-line and cell.,1,love able use one headset land line cell
904,Problem is that the ear loops are made of weak material and break easily.,0,problem ear loop made weak material break easily
905,Not nearly as good looking as the AMAZON picture makes it look.,0,nearly good looking amazon picture make look
906,"But despite these few flaws, this case is of exceptional quality and well worth the additional costs of owning an official OEM product.",1,despite flaw case exceptional quality well worth additional cost owning official oem product
907,How stupid is that?,0,stupid
908,"I can hear while I'm driving in the car, and usually don't even have to put it on it's loudest setting.",1,hear driving car usually even put loudest setting
909,Seller shipped quickly and much cheaper than the competitors.,1,seller shipped quickly much cheaper competitor
910,"Good show, Samsung.",1,good show samsung
911,So I bought about 10 of these and saved alot of money.,1,bought saved alot money
912,It always cuts out and makes a beep beep beep sound then says signal failed.,0,always cut make beep beep beep sound say signal failed
913,Couldn't figure it out,0,figure
914,"My phone sounded OK ( not great - OK), but my wife's phone was almost totally unintelligible, she couldn't understand a word being said on it.",0,phone sounded ok great ok wife phone wa almost totally unintelligible understand word said
915,So I had to take the battery out of the phone put it all back together and then restart it.,0,take battery phone put back together restart
916,"While I managed to bend the leaf spring back in place, the metal now has enough stress that it will break on the next drop.",0,managed bend leaf spring back place metal ha enough stress break next drop
917,Leopard Print is wonderfully wild!.,1,leopard print wonderfully wild
918,Works for me.,1,work
919,"Saggy, floppy piece of junk.",0,saggy floppy piece junk
920,much better than the hard plastic cases.,1,much better hard plastic case
921,It also had a new problem.,0,also new problem
922,Happy so far!.,1,happy far
923,cool phone.,1,cool phone
924,Works good.,1,work good
925,Motorola finally got the voice quality of a bluetooth headset right.,1,motorola finally got voice quality bluetooth headset right
926,It looses connection to the phone even when it is within a couple feet between the two.,0,loos connection phone even within couple foot two
927,"but it is great, i would really recommend it",1,great would really recommend
928,Makes it easier to keep up with my bluetooth when I'm not wearing it.,0,make easier keep bluetooth wearing
929,As I said above....PRETTY USELESS!,0,said pretty useless
930,Never got it!!!!!,0,never got
931,This pair of headphones is the worst that I have ever had sound-wise.,0,pair headphone worst ever sound wise
932,[...] down the drain because of a weak snap!,0,drain weak snap
933,Does not charge the Cingular (ATT) 8525 phone.,0,doe charge cingular att phone
934,"You get extra minutes so that you can carry out the call and not get cut off.""",1,get extra minute carry call get cut
935,"However, after about a year, the fliptop started to get loose and wobbly and eventually my screen went black and I couldn't receive and place calls.",0,however year fliptop started get loose wobbly eventually screen went black receive place call
936,I kept catching the cable on the seat and I had to pull the phone out to turn it on an off.,0,kept catching cable seat pull phone turn
937,The headset fulfills my requirements so I am happy with my purchase.,1,headset fulfills requirement happy purchase
938,Logitech Bluetooth Headset is a 10!.,1,logitech bluetooth headset
939,"I like the fact that it rests lightly against your ear, rather than inside.",1,like fact rest lightly ear rather inside
940,A lot of websites have been rating this a very good phone and so do I.,1,lot website rating good phone
941,I have tried these cables with my computer and my iPod and it works just fine.,1,tried cable computer ipod work fine
942,"The mic there is a joke, and the volume is quite low.",0,mic joke volume quite low
943,I'm returning them.,0,returning
944,I does not maintain a connection with the computer while it is on my lap.,0,doe maintain connection computer lap
945,It is easy to turn on and off when you are in the car and the volume controls are quite accessable.,1,easy turn car volume control quite accessable
946,I have had mine for about a year and this Christmas I bought some for the rest of the family.,1,mine year christmas bought rest family
947,"Otherwise, easy to install and use, clear sound.",1,otherwise easy install use clear sound
948,nice leather.,1,nice leather
949,I had to purchase a different case.,0,purchase different case
950,It is a joy to use.,1,joy use
951,Very much disappointed with this company.,0,much disappointed company
952,Very satisifed with that.,1,satisifed
953,It didn't charge for me.,0,charge
954,This is the phone to get for 2005.... I just bought my S710a and all I can say is WOW!,1,phone get bought say wow
955,Buttons are too small.,0,button small
956,Just reading on the specs alone makes you say WOW.,1,reading spec alone make say wow
957,Love it.. Great armband.,1,love great armband
958,I really like this product over the Motorola because it is allot clearer on the ear piece and the mic.,1,really like product motorola allot clearer ear piece mic
959,"However, the keypads are so tinny that I sometimes reach the wrong buttons.",0,however keypad tinny sometimes reach wrong button
960,I exchanged the sony ericson z500a for this and I'm pretty happy with that decision.,1,exchanged sony ericson z pretty happy decision
961,I was very impressed with the price of the cases.,1,wa impressed price case
962,Also makes it easier to hold on to.,1,also make easier hold
963,"I use this product in a motor control center where there is a lot of high voltage humming from the equipment, and it works great!",1,use product motor control center lot high voltage humming equipment work great
964,It's pretty easy.,1,pretty easy
965,I cannot make calls at certain places.,0,make call certain place
966,"however, my girl was complain that some time the phone doesn't wake up like normal phone does.",0,however girl wa complain time phone wake like normal phone doe
967,Beautiful styling though.,1,beautiful styling though
968,This company charge me a restocking fee and still not given me my refund back.,0,company charge restocking fee still given refund back
969,I'm trying to return it for a refund.,0,trying return refund
970,I plugged it in only to find out not a darn thing worked.,0,plugged find darn thing worked
971,Excellent product.,1,excellent product
972,Earbud piece breaks easily.,0,earbud piece break easily
973,Lousy product.,0,lousy product
974,This phone tries very hard to do everything but fails at it's very ability to be a phone.,0,phone try hard everything fails ability phone
975,It is the best charger I have seen on the market yet.,1,best charger seen market yet
976,SWEETEST PHONE!!!,1,sweetest phone
977,":-)Oh, the charger seems to work fine.",1,oh charger seems work fine
978,It fits so securely that the ear hook does not even need to be used and the sound is better directed through your ear canal.,1,fit securely ear hook doe even need used sound better directed ear canal
979,Not enough volume.,0,enough volume
980,Echo Problem....Very unsatisfactory,0,echo problem unsatisfactory
981,you could only take 2 videos at a time and the quality was very poor.,0,could take video time quality wa poor
982,don't waste your money.,0,waste money
983,I am going to have to be the first to negatively review this product.,0,going first negatively review product
984,Adapter does not provide enough charging current.,0,adapter doe provide enough charging current
985,"There was so much hype over this phone that I assumed it was the best, my mistake.",0,wa much hype phone assumed wa best mistake
986,You also cannot take pictures with it in the case because the lense is covered.,0,also take picture case lense covered
987,Phone falls out easily.,0,phone fall easily
988,"It didn't work, people can not hear me when I talk.",0,work people hear talk
989,The text messaging feature is really tricky to use.,0,text messaging feature really tricky use
990,I'm really disappointed all I have now is a charger that doesn't work.,0,really disappointed charger work
991,Painful on the ear.,0,painful ear
992,Lasted one day and then blew up.,0,lasted one day blew
993,disappointed.,0,disappointed
994,Kind of flops around.,0,kind flop around
995,The screen does get smudged easily because it touches your ear and face.,0,screen doe get smudged easily touch ear face
996,What a piece of junk.. I lose more calls on this phone.,0,piece junk lose call phone
997,Item Does Not Match Picture.,0,item doe match picture
998,The only thing that disappoint me is the infra red port (irda).,0,thing disappoint infra red port irda
999,"You can not answer calls with the unit, never worked once!",0,answer call unit never worked
